Eesnimi;Perenimi;Sünniaeg;Kasutajanimi;Epost
Jan;Kool;21.10.1996;sasa.kool;sasa.kool@asutus.com
Kairit;Järvesaar;22.06.1992;sasa.jarvesaar;sasa.jarvesaar@asutus.com
Marili;Kink;29.01.1995;sasa.kink;sasa.kink@asutus.com
Meribel;Drozdov;24.07.1992;sasa.drozdov;sasa.drozdov@asutus.com
Ian;Leppik;16.01.1993;sasa.leppik;sasa.leppik@asutus.com
Jüri;Tamberg;25.09.1999;sasa.tamberg;sasa.tamberg@asutus.com
Markkus;Vain;12.07.1994;sasa.vain;sasa.vain@asutus.com
Kätlin;Stepanov;11.10.1998;sasa.stepanov;sasa.stepanov@asutus.com
Tarvi;Trei;01.11.1991;sasa.trei;sasa.trei@asutus.com
Aivar;Merisaar;22.09.1997;sasa.merisaar;sasa.merisaar@asutus.com
Kaspar;Medvedev;23.09.1996;sasa.medvedev;sasa.medvedev@asutus.com
Matthias;Herodes;23.01.1991;sasa.herodes;sasa.herodes@asutus.com
Anastassia;Tsvetkov;04.01.1999;sasa.tsvetkov;sasa.tsvetkov@asutus.com
Veiko;Jakobson;12.06.1994;sasa.jakobson;sasa.jakobson@asutus.com
Maria;Toomsalu;09.12.1998;sasa.toomsalu;sasa.toomsalu@asutus.com
Teili;Ploom;07.08.1992;sasa.ploom;sasa.ploom@asutus.com
Lija;Tammet;13.10.1996;sasa.tammet;sasa.tammet@asutus.com
Aire;Kroon;07.04.1991;sasa.kroon;sasa.kroon@asutus.com
Siim;Paju;13.04.1997;sasa.paju;sasa.paju@asutus.com
Kirsika;Tamm;18.04.1997;sasa.tamm;sasa.tamm@asutus.com
Merily;Mürk;28.08.1992;sasa.murk;sasa.murk@asutus.com
Taisi;Kirss;13.09.1999;sasa.kirss;sasa.kirss@asutus.com
Marti;Mann;19.07.1991;sasa.mann;sasa.mann@asutus.com
Ervin;Kalda;18.07.1990;sasa.kalda;sasa.kalda@asutus.com
Helis;Pihlak;03.06.1994;sasa.pihlak;sasa.pihlak@asutus.com
Reimo;Silm;23.08.1994;sasa.silm;sasa.silm@asutus.com
Vanessa;Sorokin;13.01.1990;sasa.sorokin;sasa.sorokin@asutus.com
Keily;Kalinin;26.03.1994;sasa.kalinin;sasa.kalinin@asutus.com
Emilie;Lokk;26.09.1994;sasa.lokk;sasa.lokk@asutus.com
Elar;Baskin;02.09.1992;sasa.baskin;sasa.baskin@asutus.com
Alar;Kodres;08.03.1997;sasa.kodres;sasa.kodres@asutus.com
Inna;Niit;08.03.1993;sasa.niit;sasa.niit@asutus.com
Rebeca;Sepp;18.02.1993;sasa.sepp;sasa.sepp@asutus.com
Frank;Rätsep;25.02.1992;sasa.ratsep;sasa.ratsep@asutus.com
Renno;Nuut;02.05.1992;sasa.nuut;sasa.nuut@asutus.com
Meelis;Lang;13.09.1992;sasa.lang;sasa.lang@asutus.com
Joonas;Reimann;19.02.1998;sasa.reimann;sasa.reimann@asutus.com
Gabriel;Viks;18.01.1998;sasa.viks;sasa.viks@asutus.com
Greete;Mäeots;07.06.1994;sasa.maeots;sasa.maeots@asutus.com
Kärt;Kaljula;30.06.1990;sasa.kaljula;sasa.kaljula@asutus.com
Christian;Kulikov;24.03.1995;sasa.kulikov;sasa.kulikov@asutus.com
Alexandra;Tsvetkov;01.07.1990;sasa.tsvetkov;sasa.tsvetkov@asutus.com
Marelle;Michelson;21.01.1990;sasa.michelson;sasa.michelson@asutus.com
Katre;Ott;02.05.1990;sasa.ott;sasa.ott@asutus.com
Ander;Moor;27.04.1999;sasa.moor;sasa.moor@asutus.com
Stepan;Simson;05.04.1999;sasa.simson;sasa.simson@asutus.com
Marie;Karpov;12.11.1991;sasa.karpov;sasa.karpov@asutus.com
Svjatoslav;Õispuu;06.08.1990;sasa.oispuu;sasa.oispuu@asutus.com
Dariya;Tiik;28.05.1990;sasa.tiik;sasa.tiik@asutus.com
Mark;Kattai;08.02.1996;sasa.kattai;sasa.kattai@asutus.com
Reena;Jeršov;05.12.1993;sasa.jersov;sasa.jersov@asutus.com
Marielle;Kiis;14.03.1996;sasa.kiis;sasa.kiis@asutus.com
Sofja;Mark;22.04.1993;sasa.mark;sasa.mark@asutus.com
Evelina;Karu;13.10.1995;sasa.karu;sasa.karu@asutus.com
Heidy;Meier;01.02.1995;sasa.meier;sasa.meier@asutus.com
Erik;Vares;26.10.1995;sasa.vares;sasa.vares@asutus.com
Ege;Heinsalu;04.09.1994;sasa.heinsalu;sasa.heinsalu@asutus.com
Kirsika;Jürgenson;12.12.1996;sasa.jurgenson;sasa.jurgenson@asutus.com
Jelena;Matvejev;15.03.1999;sasa.matvejev;sasa.matvejev@asutus.com
Tormi;Marksoo;24.02.1990;sasa.marksoo;sasa.marksoo@asutus.com
Kevin;Püvi;20.04.1997;sasa.puvi;sasa.puvi@asutus.com
Kristin;Ojala;11.07.1990;sasa.ojala;sasa.ojala@asutus.com
Hanna Maria;Jaakson;14.12.1992;sasa.jaakson;sasa.jaakson@asutus.com
Sonja;Kukk;20.09.1993;sasa.kukk;sasa.kukk@asutus.com
Maris;Maslov;19.05.1999;sasa.maslov;sasa.maslov@asutus.com
Nele;Ojala;30.08.1992;sasa.ojala;sasa.ojala@asutus.com
Jevgenija;Piir;27.11.1991;sasa.piir;sasa.piir@asutus.com
Alexandra;Ignatjev;19.12.1995;sasa.ignatjev;sasa.ignatjev@asutus.com
Andrea;Sarapuu;12.03.1999;sasa.sarapuu;sasa.sarapuu@asutus.com
Olari;Kondratjev;18.08.1999;sasa.kondratjev;sasa.kondratjev@asutus.com
Killu;Kuusk;16.09.1993;sasa.kuusk;sasa.kuusk@asutus.com
Maikel;Lang;03.07.1992;sasa.lang;sasa.lang@asutus.com
Gertu;Žukov;13.08.1993;sasa.zukov;sasa.zukov@asutus.com
Heiko;Bondarenko;06.02.1995;sasa.bondarenko;sasa.bondarenko@asutus.com
Rustam;Mets;08.08.1995;sasa.mets;sasa.mets@asutus.com
Inna;Kikkas;19.07.1991;sasa.kikkas;sasa.kikkas@asutus.com
Kati;Merila;17.06.1997;sasa.merila;sasa.merila@asutus.com
Ramon;Veski;07.07.1992;sasa.veski;sasa.veski@asutus.com
Liisbet;Baranov;05.10.1993;sasa.baranov;sasa.baranov@asutus.com
Ksenija;Männik;10.09.1995;sasa.mannik;sasa.mannik@asutus.com
Aili;Käär;25.06.1999;sasa.kaar;sasa.kaar@asutus.com
Marin;Reimann;25.11.1992;sasa.reimann;sasa.reimann@asutus.com
Anna-Liis;Poom;17.03.1991;sasa.poom;sasa.poom@asutus.com
Liilia;Mändla;24.08.1999;sasa.mandla;sasa.mandla@asutus.com
Toni;Kiik;10.05.1998;sasa.kiik;sasa.kiik@asutus.com
Marlon;Bogdanov;30.04.1993;sasa.bogdanov;sasa.bogdanov@asutus.com
Mia;Pihelgas;16.01.1998;sasa.pihelgas;sasa.pihelgas@asutus.com
Hanna-Maria;Sobolev;14.07.1992;sasa.sobolev;sasa.sobolev@asutus.com
Kenet;Hallik;09.02.1993;sasa.hallik;sasa.hallik@asutus.com
Gea;Puusepp;07.09.1990;sasa.puusepp;sasa.puusepp@asutus.com
Rain;Kruglov;18.06.1998;sasa.kruglov;sasa.kruglov@asutus.com
Cassandra;Jegorov;17.08.1996;sasa.jegorov;sasa.jegorov@asutus.com
Maarja-Liisa;Tiits;14.02.1991;sasa.tiits;sasa.tiits@asutus.com
Keiti;Maasik;18.08.1993;sasa.maasik;sasa.maasik@asutus.com
Aap;Viik;29.12.1996;sasa.viik;sasa.viik@asutus.com
Ene;Ossipov;06.07.1999;sasa.ossipov;sasa.ossipov@asutus.com
Daria;Konstantinov;31.10.1999;sasa.konstantinov;sasa.konstantinov@asutus.com
Ayrton;Gross;09.09.1998;sasa.gross;sasa.gross@asutus.com
Karol;Annus;03.01.1994;sasa.annus;sasa.annus@asutus.com
Marcos;Kutsar;01.05.1997;sasa.kutsar;sasa.kutsar@asutus.com
Urmas;Krõlov;02.12.1998;sasa.krolov;sasa.krolov@asutus.com
Anatoli;Müürsepp;24.07.1994;sasa.muursepp;sasa.muursepp@asutus.com
Deivi;Kilk;29.09.1999;sasa.kilk;sasa.kilk@asutus.com
Arabella;Kikkas;07.08.1995;sasa.kikkas;sasa.kikkas@asutus.com
Kennet;Trei;10.05.1998;sasa.trei;sasa.trei@asutus.com
Sirly;Kass;28.12.1993;sasa.kass;sasa.kass@asutus.com
Tambet;Rätsep;27.10.1994;sasa.ratsep;sasa.ratsep@asutus.com
Susanna;Klaas;30.03.1994;sasa.klaas;sasa.klaas@asutus.com
Remi;Melnik;08.04.1993;sasa.melnik;sasa.melnik@asutus.com
Meelika;Sikorski;15.04.1996;sasa.sikorski;sasa.sikorski@asutus.com
Annika;Mägi;19.04.1990;sasa.magi;sasa.magi@asutus.com
Maarika;Kolesnik;11.07.1991;sasa.kolesnik;sasa.kolesnik@asutus.com
Reigo;Kohv;07.06.1995;sasa.kohv;sasa.kohv@asutus.com
Olev;Kiis;11.04.1999;sasa.kiis;sasa.kiis@asutus.com
Kirsti;Vinogradov;04.03.1999;sasa.vinogradov;sasa.vinogradov@asutus.com
Annabella;Põldma;28.10.1994;sasa.poldma;sasa.poldma@asutus.com
Daisi;Kasemaa;28.01.1993;sasa.kasemaa;sasa.kasemaa@asutus.com
Marge;Tarassov;12.01.1994;sasa.tarassov;sasa.tarassov@asutus.com
Kristine;Sillaots;27.07.1993;sasa.sillaots;sasa.sillaots@asutus.com
Niina;Reinsalu;31.08.1995;sasa.reinsalu;sasa.reinsalu@asutus.com
Janika;Mõttus;26.08.1992;sasa.mottus;sasa.mottus@asutus.com
Heleriin;Villemson;20.10.1994;sasa.villemson;sasa.villemson@asutus.com
Kaili;Moroz;01.01.1994;sasa.moroz;sasa.moroz@asutus.com
Hanna-Maria;Peterson;24.12.1992;sasa.peterson;sasa.peterson@asutus.com
Jevgenija;Aun;27.11.1990;sasa.aun;sasa.aun@asutus.com
Arko;Olesk;01.11.1996;sasa.olesk;sasa.olesk@asutus.com
Helena;Mäesalu;20.07.1990;sasa.maesalu;sasa.maesalu@asutus.com
Juss;Aakre;23.01.1995;sasa.aakre;sasa.aakre@asutus.com
Getriin;Erm;23.08.1993;sasa.erm;sasa.erm@asutus.com
Karl Kevin;Vahter;25.01.1994;sasa.vahter;sasa.vahter@asutus.com
Minna;Meister;11.04.1991;sasa.meister;sasa.meister@asutus.com
Harri;Bogdanov;27.07.1992;sasa.bogdanov;sasa.bogdanov@asutus.com
Jaagup;Pihelgas;22.03.1997;sasa.pihelgas;sasa.pihelgas@asutus.com
Lii;Hansen;25.04.1995;sasa.hansen;sasa.hansen@asutus.com
Ingvar;Lokk;05.04.1995;sasa.lokk;sasa.lokk@asutus.com
Gerttu;Fedorov;27.11.1990;sasa.fedorov;sasa.fedorov@asutus.com
Mona;Rätsep;19.09.1993;sasa.ratsep;sasa.ratsep@asutus.com
Teili;Parts;26.12.1999;sasa.parts;sasa.parts@asutus.com
Maiken;Roosileht;17.03.1990;sasa.roosileht;sasa.roosileht@asutus.com
Ago;Jarvis;30.08.1993;sasa.jarvis;sasa.jarvis@asutus.com
Stiven;Järvesaar;24.11.1999;sasa.jarvesaar;sasa.jarvesaar@asutus.com
Lidia;Randoja;27.09.1997;sasa.randoja;sasa.randoja@asutus.com
Daniella;Grigorieva;25.10.1992;sasa.grigorieva;sasa.grigorieva@asutus.com
Emili;Sööt;01.07.1995;sasa.soot;sasa.soot@asutus.com
Jegor;Petrov;21.10.1995;sasa.petrov;sasa.petrov@asutus.com
Veera;Reinsalu;17.12.1996;sasa.reinsalu;sasa.reinsalu@asutus.com
Karl Markus;Mikk;29.08.1996;sasa.mikk;sasa.mikk@asutus.com
Karlis;Miller;03.11.1991;sasa.miller;sasa.miller@asutus.com
Kaidi;Koort;11.04.1994;sasa.koort;sasa.koort@asutus.com
Yury;Raudsepp;30.04.1994;sasa.raudsepp;sasa.raudsepp@asutus.com
Ronaldo;Erik;06.06.1995;sasa.erik;sasa.erik@asutus.com
Mariliis;Treier;01.05.1997;sasa.treier;sasa.treier@asutus.com
Killu;Tammet;11.11.1991;sasa.tammet;sasa.tammet@asutus.com
Luisa;Kapp;14.12.1997;sasa.kapp;sasa.kapp@asutus.com
Juliana;Kesküla;08.01.1990;sasa.keskula;sasa.keskula@asutus.com
Brittany;Žuravljov;25.11.1995;sasa.zuravljov;sasa.zuravljov@asutus.com
Frederik;Mändla;22.11.1999;sasa.mandla;sasa.mandla@asutus.com
Eerika;Liiv;13.11.1998;sasa.liiv;sasa.liiv@asutus.com
Caroly;Raamat;29.06.1993;sasa.raamat;sasa.raamat@asutus.com
Oliivia;Talts;27.01.1992;sasa.talts;sasa.talts@asutus.com
Matti;Tammik;30.08.1999;sasa.tammik;sasa.tammik@asutus.com
Mati;Lipp;03.05.1991;sasa.lipp;sasa.lipp@asutus.com
Tauno;Luik;28.08.1995;sasa.luik;sasa.luik@asutus.com
Karol;Jalakas;29.01.1994;sasa.jalakas;sasa.jalakas@asutus.com
Aimar;Tiits;14.09.1996;sasa.tiits;sasa.tiits@asutus.com
Andris;Nurm;12.12.1995;sasa.nurm;sasa.nurm@asutus.com
Kalle;Kink;10.12.1993;sasa.kink;sasa.kink@asutus.com
Reigo;Luiga;01.09.1991;sasa.luiga;sasa.luiga@asutus.com
Gea;Salumäe;01.11.1992;sasa.salumae;sasa.salumae@asutus.com
Daniel;Raud;26.01.1998;sasa.raud;sasa.raud@asutus.com
Helerin;Bogdanov;18.07.1993;sasa.bogdanov;sasa.bogdanov@asutus.com
Aveli;Rohtla;02.10.1991;sasa.rohtla;sasa.rohtla@asutus.com
Lauren;Järv;17.02.1994;sasa.jarv;sasa.jarv@asutus.com
Kaire;Anderson;10.08.1999;sasa.anderson;sasa.anderson@asutus.com
Helerin;Müürsepp;25.02.1991;sasa.muursepp;sasa.muursepp@asutus.com
Remi;Annus;27.05.1997;sasa.annus;sasa.annus@asutus.com
Uljana;Kalm;24.03.1997;sasa.kalm;sasa.kalm@asutus.com
Leonid;Pettai;15.04.1999;sasa.pettai;sasa.pettai@asutus.com
Innar;Heinsoo;04.03.1991;sasa.heinsoo;sasa.heinsoo@asutus.com
Harry;Jarvis;28.08.1993;sasa.jarvis;sasa.jarvis@asutus.com
Ago;Vaino;22.03.1995;sasa.vaino;sasa.vaino@asutus.com
Iti;Pettai;15.05.1997;sasa.pettai;sasa.pettai@asutus.com
Melissa;Sisask;25.03.1994;sasa.sisask;sasa.sisask@asutus.com
Evita;Nuut;09.01.1990;sasa.nuut;sasa.nuut@asutus.com
Jako;Täht;05.09.1996;sasa.taht;sasa.taht@asutus.com
Geidi;Lotman;21.02.1991;sasa.lotman;sasa.lotman@asutus.com
Magnus;Raja;01.07.1996;sasa.raja;sasa.raja@asutus.com
Olivia;Jermakov;06.07.1996;sasa.jermakov;sasa.jermakov@asutus.com
Armo;Rosenberg;26.07.1994;sasa.rosenberg;sasa.rosenberg@asutus.com
Chris;Zahharov;28.12.1994;sasa.zahharov;sasa.zahharov@asutus.com
Mihkel;Palm;13.07.1995;sasa.palm;sasa.palm@asutus.com
Vsevolod;Suvi;30.08.1991;sasa.suvi;sasa.suvi@asutus.com
Tauno;Raja;25.03.1996;sasa.raja;sasa.raja@asutus.com
Tanel;Vaher;07.03.1995;sasa.vaher;sasa.vaher@asutus.com
Mariliis;Järv;28.09.1995;sasa.jarv;sasa.jarv@asutus.com
Anne;Sarapuu;20.07.1999;sasa.sarapuu;sasa.sarapuu@asutus.com
Gea;Eller;04.03.1990;sasa.eller;sasa.eller@asutus.com
Toomas;Johanson;01.04.1996;sasa.johanson;sasa.johanson@asutus.com
Keiri;Rosenberg;19.11.1994;sasa.rosenberg;sasa.rosenberg@asutus.com
Armand;Heinsalu;21.09.1997;sasa.heinsalu;sasa.heinsalu@asutus.com
Berit;Fedorov;23.05.1999;sasa.fedorov;sasa.fedorov@asutus.com
Jüri;Powell;07.02.1999;sasa.powell;sasa.powell@asutus.com
Raivo;Pärtel;05.03.1997;sasa.partel;sasa.partel@asutus.com
Tatiana;Zaitsev;01.10.1992;sasa.zaitsev;sasa.zaitsev@asutus.com
Minna;Remmel;23.03.1995;sasa.remmel;sasa.remmel@asutus.com
Gerdo;Viks;02.01.1994;sasa.viks;sasa.viks@asutus.com
Karolina;Nuut;05.07.1993;sasa.nuut;sasa.nuut@asutus.com
Kaire;Kuusik;27.06.1994;sasa.kuusik;sasa.kuusik@asutus.com
Johanna;Ploom;26.01.1997;sasa.ploom;sasa.ploom@asutus.com
Joonatan;Annus;24.11.1993;sasa.annus;sasa.annus@asutus.com
Brittany;Popov;30.09.1998;sasa.popov;sasa.popov@asutus.com
Renet;Suvorov;02.10.1990;sasa.suvorov;sasa.suvorov@asutus.com
Mart;Uus;05.10.1998;sasa.uus;sasa.uus@asutus.com
Arabella;Markson;08.02.1995;sasa.markson;sasa.markson@asutus.com
Loora;Vaher;10.09.1990;sasa.vaher;sasa.vaher@asutus.com
Sven;Lipp;27.10.1991;sasa.lipp;sasa.lipp@asutus.com
Anfissa;Koger;18.08.1999;sasa.koger;sasa.koger@asutus.com
Sirli;Saare;10.11.1992;sasa.saare;sasa.saare@asutus.com
Hans;Kant;22.09.1997;sasa.kant;sasa.kant@asutus.com
Agnes;Mändla;19.01.1992;sasa.mandla;sasa.mandla@asutus.com
Kaire;Liivak;01.07.1994;sasa.liivak;sasa.liivak@asutus.com
Mattis;Makarov;17.03.1994;sasa.makarov;sasa.makarov@asutus.com
Karl Jakob;Gavrilov;24.03.1995;sasa.gavrilov;sasa.gavrilov@asutus.com
Renate;Aasa;29.10.1993;sasa.aasa;sasa.aasa@asutus.com
Izabella;Härm;21.08.1997;sasa.harm;sasa.harm@asutus.com
Heiki;Kärner;09.11.1996;sasa.karner;sasa.karner@asutus.com
Valentin;Martin;12.04.1992;sasa.martin;sasa.martin@asutus.com
Andre;Hunt;09.10.1998;sasa.hunt;sasa.hunt@asutus.com
Albina;Markus;23.05.1994;sasa.markus;sasa.markus@asutus.com
Sten-Erik;Järvekülg;16.07.1991;sasa.jarvekulg;sasa.jarvekulg@asutus.com
Kalle;Laanemets;15.06.1994;sasa.laanemets;sasa.laanemets@asutus.com
Iris;Tuul;31.08.1998;sasa.tuul;sasa.tuul@asutus.com
Freddy;Mitt;12.05.1991;sasa.mitt;sasa.mitt@asutus.com
Andris;Powell;27.07.1994;sasa.powell;sasa.powell@asutus.com
Raul;Lunin;02.07.1993;sasa.lunin;sasa.lunin@asutus.com
Ranar;Kiis;24.07.1999;sasa.kiis;sasa.kiis@asutus.com
Arseni;Kalamees;07.02.1996;sasa.kalamees;sasa.kalamees@asutus.com
Kerti;Suur;07.12.1991;sasa.suur;sasa.suur@asutus.com
Rainis;Hein;24.11.1996;sasa.hein;sasa.hein@asutus.com
Kaidi;Ploom;04.12.1990;sasa.ploom;sasa.ploom@asutus.com
Morten;Mann;03.06.1996;sasa.mann;sasa.mann@asutus.com
Aljona;Loginov;11.05.1992;sasa.loginov;sasa.loginov@asutus.com
Rivo;Naumov;15.03.1991;sasa.naumov;sasa.naumov@asutus.com
Reimo;Täht;18.05.1993;sasa.taht;sasa.taht@asutus.com
Melany;Valge;14.05.1993;sasa.valge;sasa.valge@asutus.com
Tanel;Allas;08.11.1992;sasa.allas;sasa.allas@asutus.com
Veroonika;Maslov;06.12.1990;sasa.maslov;sasa.maslov@asutus.com
Reigo;Sikorski;29.11.1994;sasa.sikorski;sasa.sikorski@asutus.com
Anu;Kask;14.07.1993;sasa.kask;sasa.kask@asutus.com
Raivo;Kilk;01.05.1998;sasa.kilk;sasa.kilk@asutus.com
Inger;Kõiv;01.07.1994;sasa.koiv;sasa.koiv@asutus.com
Remi;Koort;25.06.1998;sasa.koort;sasa.koort@asutus.com
Heinrich;Rein;17.10.1990;sasa.rein;sasa.rein@asutus.com
Ellen;Valge;30.09.1990;sasa.valge;sasa.valge@asutus.com
Jan Erik;Lauri;01.07.1999;sasa.lauri;sasa.lauri@asutus.com
Jan Markus;Piirsalu;14.10.1995;sasa.piirsalu;sasa.piirsalu@asutus.com
Auli;Kurm;12.11.1995;sasa.kurm;sasa.kurm@asutus.com
Tobias;Vares;12.02.1991;sasa.vares;sasa.vares@asutus.com
Marek;Järvesaar;01.03.1991;sasa.jarvesaar;sasa.jarvesaar@asutus.com
Dmitri;Põdra;02.12.1996;sasa.podra;sasa.podra@asutus.com
Tanel;Kurg;12.08.1998;sasa.kurg;sasa.kurg@asutus.com
Matis;Green;05.01.1991;sasa.green;sasa.green@asutus.com
Alvar;Uus;03.09.1998;sasa.uus;sasa.uus@asutus.com
Johann;Abel;11.07.1991;sasa.abel;sasa.abel@asutus.com
August;Johanson;09.05.1998;sasa.johanson;sasa.johanson@asutus.com
Stenver;Kalamees;18.02.1995;sasa.kalamees;sasa.kalamees@asutus.com
Rivo;Makarov;15.04.1992;sasa.makarov;sasa.makarov@asutus.com
Kairo;Hansen;17.04.1997;sasa.hansen;sasa.hansen@asutus.com
Margaret;Kelder;26.09.1990;sasa.kelder;sasa.kelder@asutus.com
Sirle;Merila;19.04.1999;sasa.merila;sasa.merila@asutus.com
Annabella;Rein;11.11.1990;sasa.rein;sasa.rein@asutus.com
Gregori;Iljin;09.02.1996;sasa.iljin;sasa.iljin@asutus.com
Mariana;Palu;04.09.1992;sasa.palu;sasa.palu@asutus.com
Aron;Adamson;06.11.1990;sasa.adamson;sasa.adamson@asutus.com
Dagmar;Bogdanov;02.05.1997;sasa.bogdanov;sasa.bogdanov@asutus.com
Helina;Sikorski;29.12.1992;sasa.sikorski;sasa.sikorski@asutus.com
Magnar;Hansen;23.04.1994;sasa.hansen;sasa.hansen@asutus.com
Keity;Lepp;22.11.1992;sasa.lepp;sasa.lepp@asutus.com
Keijo;Aasa;17.03.1990;sasa.aasa;sasa.aasa@asutus.com
Agris;Lukk;22.01.1991;sasa.lukk;sasa.lukk@asutus.com
Marelle;Jürgenson;30.10.1999;sasa.jurgenson;sasa.jurgenson@asutus.com
Lidia;Kadak;27.03.1997;sasa.kadak;sasa.kadak@asutus.com
Liisu;Mihhailov;23.06.1991;sasa.mihhailov;sasa.mihhailov@asutus.com
Olari;Palu;04.02.1995;sasa.palu;sasa.palu@asutus.com
Katriin;Suvorov;15.01.1994;sasa.suvorov;sasa.suvorov@asutus.com
Morten;Borissov;03.12.1998;sasa.borissov;sasa.borissov@asutus.com
Britta;Loginov;12.10.1996;sasa.loginov;sasa.loginov@asutus.com
Varvara;Anderson;27.01.1991;sasa.anderson;sasa.anderson@asutus.com
Deivid;Abderhalden;13.02.1997;sasa.abderhalden;sasa.abderhalden@asutus.com
Amanda;Prikk;22.08.1995;sasa.prikk;sasa.prikk@asutus.com
Jako;Lumiste;18.06.1994;sasa.lumiste;sasa.lumiste@asutus.com
Magnus;Anissimov;23.02.1992;sasa.anissimov;sasa.anissimov@asutus.com
Adelina;Lõhmus;09.01.1997;sasa.lohmus;sasa.lohmus@asutus.com
Albina;Mäesalu;15.03.1992;sasa.maesalu;sasa.maesalu@asutus.com
Edgar;Pärna;10.10.1998;sasa.parna;sasa.parna@asutus.com
Elina;Lebedev;11.09.1998;sasa.lebedev;sasa.lebedev@asutus.com
Ester;Bogdanov;12.02.1990;sasa.bogdanov;sasa.bogdanov@asutus.com
Renar;Fomin;18.06.1991;sasa.fomin;sasa.fomin@asutus.com
Heiko;Jõesaar;20.09.1998;sasa.joesaar;sasa.joesaar@asutus.com
Sanna;Kivimäe;14.03.1995;sasa.kivimae;sasa.kivimae@asutus.com
Risto;Anderson;06.09.1994;sasa.anderson;sasa.anderson@asutus.com
Grigori;Voronin;19.01.1998;sasa.voronin;sasa.voronin@asutus.com
Valentin;Kaljuvee;31.01.1998;sasa.kaljuvee;sasa.kaljuvee@asutus.com
Sirly;Liivak;26.03.1999;sasa.liivak;sasa.liivak@asutus.com
Ago;Konstantinov;28.05.1996;sasa.konstantinov;sasa.konstantinov@asutus.com
Mattis;Vaher;01.04.1997;sasa.vaher;sasa.vaher@asutus.com
Laura-Liis;Zahharov;06.12.1999;sasa.zahharov;sasa.zahharov@asutus.com
Marion;Kuus;09.10.1994;sasa.kuus;sasa.kuus@asutus.com
Katri;Kasak;15.05.1994;sasa.kasak;sasa.kasak@asutus.com
Kristo;Jeršov;07.11.1994;sasa.jersov;sasa.jersov@asutus.com
Lii;Remmel;22.05.1993;sasa.remmel;sasa.remmel@asutus.com
Rostislav;Rumjantsev;16.04.1997;sasa.rumjantsev;sasa.rumjantsev@asutus.com
Keily;Sobolev;08.06.1990;sasa.sobolev;sasa.sobolev@asutus.com
Kregor;Kivimäe;15.12.1996;sasa.kivimae;sasa.kivimae@asutus.com
Greete;Gross;05.03.1993;sasa.gross;sasa.gross@asutus.com
Evita;Kull;25.10.1999;sasa.kull;sasa.kull@asutus.com
Ivo;Gerassimov;30.01.1996;sasa.gerassimov;sasa.gerassimov@asutus.com
Stepan;Rüütel;28.06.1998;sasa.ruutel;sasa.ruutel@asutus.com
Astrid;Jegorov;13.01.1997;sasa.jegorov;sasa.jegorov@asutus.com
Merlin;Kesküla;06.08.1999;sasa.keskula;sasa.keskula@asutus.com
Rebeka;Kalm;19.02.1990;sasa.kalm;sasa.kalm@asutus.com
Christofer;Kondratjev;28.06.1994;sasa.kondratjev;sasa.kondratjev@asutus.com
Evita;Lindgren;08.07.1992;sasa.lindgren;sasa.lindgren@asutus.com
Getriin;Loorits;14.02.1998;sasa.loorits;sasa.loorits@asutus.com
Ann;Nõmmik;30.06.1995;sasa.nommik;sasa.nommik@asutus.com
Sophia;Kissa;31.08.1996;sasa.kissa;sasa.kissa@asutus.com
Karolin;Roos;22.08.1992;sasa.roos;sasa.roos@asutus.com
Urmas;Mironov;26.11.1991;sasa.mironov;sasa.mironov@asutus.com
Mart;Puusepp;08.05.1991;sasa.puusepp;sasa.puusepp@asutus.com
Kaari;Kangur;23.06.1997;sasa.kangur;sasa.kangur@asutus.com
Siret;Kaljuvee;15.08.1996;sasa.kaljuvee;sasa.kaljuvee@asutus.com
Ruslan;Mäe;19.08.1992;sasa.mae;sasa.mae@asutus.com
Roberta;Randoja;25.03.1998;sasa.randoja;sasa.randoja@asutus.com
Anastasija;Jakovlev;22.03.1995;sasa.jakovlev;sasa.jakovlev@asutus.com
Pavel;Kaasik;10.10.1996;sasa.kaasik;sasa.kaasik@asutus.com
Kristen;Kostin;12.10.1997;sasa.kostin;sasa.kostin@asutus.com
Mark;Melnik;14.01.1999;sasa.melnik;sasa.melnik@asutus.com
Marleen;Merisaar;08.07.1994;sasa.merisaar;sasa.merisaar@asutus.com
Lars;Mandel;06.08.1999;sasa.mandel;sasa.mandel@asutus.com
Sergey;Siim;14.05.1999;sasa.siim;sasa.siim@asutus.com
Karolin;Kondratjev;10.06.1995;sasa.kondratjev;sasa.kondratjev@asutus.com
Ilya;Lill;20.09.1990;sasa.lill;sasa.lill@asutus.com
Kertu;Pärnpuu;27.10.1992;sasa.parnpuu;sasa.parnpuu@asutus.com
Andrei;Arula;15.11.1993;sasa.arula;sasa.arula@asutus.com
Taavet;Viik;09.07.1994;sasa.viik;sasa.viik@asutus.com
Janari;Kiil;22.05.1995;sasa.kiil;sasa.kiil@asutus.com
Sven;Rosenberg;26.05.1995;sasa.rosenberg;sasa.rosenberg@asutus.com
Sirly;Org;18.02.1995;sasa.org;sasa.org@asutus.com
Artur;Klaas;19.08.1993;sasa.klaas;sasa.klaas@asutus.com
Olivia;Pulk;16.01.1997;sasa.pulk;sasa.pulk@asutus.com
Natalja;Pihelgas;22.12.1996;sasa.pihelgas;sasa.pihelgas@asutus.com
Reti;Gerassimov;26.06.1994;sasa.gerassimov;sasa.gerassimov@asutus.com
Timofei;Trei;16.07.1992;sasa.trei;sasa.trei@asutus.com
Keiu;Roosileht;07.09.1991;sasa.roosileht;sasa.roosileht@asutus.com
Mart;Kalamees;13.04.1990;sasa.kalamees;sasa.kalamees@asutus.com
Daria;Jeršov;05.09.1996;sasa.jersov;sasa.jersov@asutus.com
Ronald;Kruglov;31.01.1992;sasa.kruglov;sasa.kruglov@asutus.com
Loore;Kohv;07.07.1992;sasa.kohv;sasa.kohv@asutus.com
Julius;Kapp;03.07.1999;sasa.kapp;sasa.kapp@asutus.com
Vassili;Mitt;04.08.1999;sasa.mitt;sasa.mitt@asutus.com
Grethel;Volkov;10.08.1999;sasa.volkov;sasa.volkov@asutus.com
Anna Maria;Kuus;25.07.1994;sasa.kuus;sasa.kuus@asutus.com
Priit;Kool;12.05.1994;sasa.kool;sasa.kool@asutus.com
Ervin;Kaljuvee;08.12.1991;sasa.kaljuvee;sasa.kaljuvee@asutus.com
Ivar;Karu;27.11.1993;sasa.karu;sasa.karu@asutus.com
Arko;Kull;27.10.1998;sasa.kull;sasa.kull@asutus.com
Andero;Loorits;21.05.1995;sasa.loorits;sasa.loorits@asutus.com
Meelis;Luht;01.05.1997;sasa.luht;sasa.luht@asutus.com
Feliks;Püvi;09.01.1996;sasa.puvi;sasa.puvi@asutus.com
Alexander;Mägi;22.07.1992;sasa.magi;sasa.magi@asutus.com
Karoli;Nurk;03.06.1994;sasa.nurk;sasa.nurk@asutus.com
Nataly;Aasmäe;29.05.1990;sasa.aasmae;sasa.aasmae@asutus.com
Nils;Davõdov;26.05.1994;sasa.davodov;sasa.davodov@asutus.com
Kennet;Kont;27.08.1991;sasa.kont;sasa.kont@asutus.com
Jörgen;Lukk;09.05.1991;sasa.lukk;sasa.lukk@asutus.com
Kirke;Adamson;25.03.1990;sasa.adamson;sasa.adamson@asutus.com
Vanessa;Kuusk;17.05.1991;sasa.kuusk;sasa.kuusk@asutus.com
Martha;Pihlak;15.03.1990;sasa.pihlak;sasa.pihlak@asutus.com
Leonard;Suits;16.07.1991;sasa.suits;sasa.suits@asutus.com
Kaja;Komarov;06.04.1997;sasa.komarov;sasa.komarov@asutus.com
Kerli;Org;22.08.1998;sasa.org;sasa.org@asutus.com
Ian;Konovalov;01.04.1994;sasa.konovalov;sasa.konovalov@asutus.com
Artemi;Matvejev;24.12.1991;sasa.matvejev;sasa.matvejev@asutus.com
Reivo;Kostin;02.08.1993;sasa.kostin;sasa.kostin@asutus.com
Kati;Mandel;09.11.1994;sasa.mandel;sasa.mandel@asutus.com
Nikolay;Aasmäe;07.11.1991;sasa.aasmae;sasa.aasmae@asutus.com
Hannabel;Roots;30.08.1998;sasa.roots;sasa.roots@asutus.com
Patricia;Jefimov;05.12.1999;sasa.jefimov;sasa.jefimov@asutus.com
Trinity;Toom;28.04.1991;sasa.toom;sasa.toom@asutus.com
Marko;Roots;03.10.1998;sasa.roots;sasa.roots@asutus.com
Martti;Anton;01.11.1999;sasa.anton;sasa.anton@asutus.com
Timofei;Püvi;27.03.1997;sasa.puvi;sasa.puvi@asutus.com
Ralf;Kozlov;22.08.1997;sasa.kozlov;sasa.kozlov@asutus.com
Antti;Orlov;22.02.1991;sasa.orlov;sasa.orlov@asutus.com
Emeri;Kont;10.06.1996;sasa.kont;sasa.kont@asutus.com
Kevin;Pajula;08.04.1995;sasa.pajula;sasa.pajula@asutus.com
Annaliisa;Raja;11.08.1993;sasa.raja;sasa.raja@asutus.com
Janelle;Bell;11.10.1995;sasa.bell;sasa.bell@asutus.com
Nele-Liis;Tomson;15.01.1994;sasa.tomson;sasa.tomson@asutus.com
Kaili;Pärnpuu;25.11.1993;sasa.parnpuu;sasa.parnpuu@asutus.com
Elisa;Kaur;28.09.1990;sasa.kaur;sasa.kaur@asutus.com
Keven;Solovjov;02.12.1991;sasa.solovjov;sasa.solovjov@asutus.com
Igor;Powell;30.10.1993;sasa.powell;sasa.powell@asutus.com
Kenneth;Liivamägi;25.03.1996;sasa.liivamagi;sasa.liivamagi@asutus.com
Gretel;Makarov;18.06.1996;sasa.makarov;sasa.makarov@asutus.com
Kaur;Konovalov;03.07.1990;sasa.konovalov;sasa.konovalov@asutus.com
Egon;Erm;13.03.1995;sasa.erm;sasa.erm@asutus.com
Kerttu;Maripuu;30.06.1999;sasa.maripuu;sasa.maripuu@asutus.com
Alice;Kärner;16.03.1995;sasa.karner;sasa.karner@asutus.com
Aivar;Kolk;01.03.1991;sasa.kolk;sasa.kolk@asutus.com
Toivo;Sikorski;12.08.1999;sasa.sikorski;sasa.sikorski@asutus.com
Mike;Laht;01.06.1998;sasa.laht;sasa.laht@asutus.com
Victoria;Lillemets;12.04.1991;sasa.lillemets;sasa.lillemets@asutus.com
Aire;Klaas;07.10.1995;sasa.klaas;sasa.klaas@asutus.com
Greete;Palm;13.11.1998;sasa.palm;sasa.palm@asutus.com
Keimo;Orlov;14.09.1998;sasa.orlov;sasa.orlov@asutus.com
Lembit;Kaljula;03.10.1997;sasa.kaljula;sasa.kaljula@asutus.com
Deniss;Kurg;16.06.1995;sasa.kurg;sasa.kurg@asutus.com
Maarja;Baskin;19.07.1997;sasa.baskin;sasa.baskin@asutus.com
Kristella;Tamberg;05.11.1990;sasa.tamberg;sasa.tamberg@asutus.com
Ranno;Sepp;15.02.1990;sasa.sepp;sasa.sepp@asutus.com
Karl Kristjan;Kalinin;05.09.1995;sasa.kalinin;sasa.kalinin@asutus.com
Rando;Danilov;29.12.1990;sasa.danilov;sasa.danilov@asutus.com
Liana;Hanson;06.09.1990;sasa.hanson;sasa.hanson@asutus.com
Natalja;Kodres;03.04.1991;sasa.kodres;sasa.kodres@asutus.com
Grethel;Kangro;06.06.1995;sasa.kangro;sasa.kangro@asutus.com
Anna Liisa;Malõšev;31.01.1996;sasa.malosev;sasa.malosev@asutus.com
Merlyn;Juhanson;19.12.1996;sasa.juhanson;sasa.juhanson@asutus.com
Ronja;Golubev;06.10.1990;sasa.golubev;sasa.golubev@asutus.com
Jana;Tõnisson;27.01.1995;sasa.tonisson;sasa.tonisson@asutus.com
Karol;Lapin;03.03.1996;sasa.lapin;sasa.lapin@asutus.com
Kevin;Uustalu;24.06.1994;sasa.uustalu;sasa.uustalu@asutus.com
Mailis;Hõbe;07.06.1995;sasa.hobe;sasa.hobe@asutus.com
Harry;Friedman;25.07.1995;sasa.friedman;sasa.friedman@asutus.com
Klim;Kallas;22.12.1996;sasa.kallas;sasa.kallas@asutus.com
Mai-Liis;Kiis;10.03.1991;sasa.kiis;sasa.kiis@asutus.com
Kirke;Kaljuste;09.05.1998;sasa.kaljuste;sasa.kaljuste@asutus.com
Marco;Rebane;29.05.1996;sasa.rebane;sasa.rebane@asutus.com
Margaret;Moroz;15.07.1993;sasa.moroz;sasa.moroz@asutus.com
Ruslan;Mihhailov;26.08.1996;sasa.mihhailov;sasa.mihhailov@asutus.com
Tairo;Rätsep;12.11.1999;sasa.ratsep;sasa.ratsep@asutus.com
Anastasija;Muru;06.09.1994;sasa.muru;sasa.muru@asutus.com
Hugo;Kallaste;22.09.1999;sasa.kallaste;sasa.kallaste@asutus.com
Jarek;Teras;04.07.1992;sasa.teras;sasa.teras@asutus.com
Heli;Kriisa;25.04.1995;sasa.kriisa;sasa.kriisa@asutus.com
Sigrid;Parts;01.11.1997;sasa.parts;sasa.parts@asutus.com
Karita;Vlassov;08.02.1996;sasa.vlassov;sasa.vlassov@asutus.com
Taivo;Laas;16.04.1998;sasa.laas;sasa.laas@asutus.com
Eleanora;Annus;23.07.1996;sasa.annus;sasa.annus@asutus.com
Eleonora;Lomp;06.06.1992;sasa.lomp;sasa.lomp@asutus.com
Marje;Andreev;23.08.1999;sasa.andreev;sasa.andreev@asutus.com
Agris;Andreev;13.12.1998;sasa.andreev;sasa.andreev@asutus.com
Eliisabet;Toom;21.02.1996;sasa.toom;sasa.toom@asutus.com
Laura;Kuusik;23.01.1995;sasa.kuusik;sasa.kuusik@asutus.com
Maria;Pärnpuu;02.12.1991;sasa.parnpuu;sasa.parnpuu@asutus.com
Leanika;Palm;03.12.1991;sasa.palm;sasa.palm@asutus.com
Henrik;Jõesaar;17.07.1993;sasa.joesaar;sasa.joesaar@asutus.com
Helena;Saare;22.07.1997;sasa.saare;sasa.saare@asutus.com
Marilyn;Tammet;13.10.1990;sasa.tammet;sasa.tammet@asutus.com
Kaja;Nikolaev;20.06.1993;sasa.nikolaev;sasa.nikolaev@asutus.com
Loore;Kuningas;07.11.1990;sasa.kuningas;sasa.kuningas@asutus.com
Simona;Pikk;14.07.1998;sasa.pikk;sasa.pikk@asutus.com
Viktoria;Valge;14.09.1997;sasa.valge;sasa.valge@asutus.com
Elery;Lukk;23.05.1990;sasa.lukk;sasa.lukk@asutus.com
Kalle;Mercklin;11.11.1992;sasa.mercklin;sasa.mercklin@asutus.com
Enely;Lebedev;20.03.1991;sasa.lebedev;sasa.lebedev@asutus.com
Valentin;Kivilo;14.08.1993;sasa.kivilo;sasa.kivilo@asutus.com
Tristan;Kalamees;14.12.1997;sasa.kalamees;sasa.kalamees@asutus.com
Sulev;Filippov;17.08.1991;sasa.filippov;sasa.filippov@asutus.com
Anu;Lass;30.06.1999;sasa.lass;sasa.lass@asutus.com
Aksel;Mäe;12.10.1994;sasa.mae;sasa.mae@asutus.com
Sigmar;Pärna;16.06.1994;sasa.parna;sasa.parna@asutus.com
Maidu;Allik;13.02.1996;sasa.allik;sasa.allik@asutus.com
Brigita;Frolov;01.07.1997;sasa.frolov;sasa.frolov@asutus.com
Kristian;Tuul;19.12.1998;sasa.tuul;sasa.tuul@asutus.com
Danil;Melnik;09.01.1994;sasa.melnik;sasa.melnik@asutus.com
Emili;Viik;08.12.1991;sasa.viik;sasa.viik@asutus.com
Ramon;Vares;16.07.1997;sasa.vares;sasa.vares@asutus.com
Roomet;Annus;24.11.1998;sasa.annus;sasa.annus@asutus.com
Ene;Kukk;08.09.1999;sasa.kukk;sasa.kukk@asutus.com
Margo;Õunapuu;08.03.1998;sasa.ounapuu;sasa.ounapuu@asutus.com
Sabrina;Eller;02.11.1995;sasa.eller;sasa.eller@asutus.com
Indra;Randoja;20.04.1999;sasa.randoja;sasa.randoja@asutus.com
Risto;Mädamürk;24.06.1996;sasa.madamurk;sasa.madamurk@asutus.com
Angelika;Luiga;21.10.1994;sasa.luiga;sasa.luiga@asutus.com
Alondra;Kodres;29.10.1995;sasa.kodres;sasa.kodres@asutus.com
Mikk;Kozlov;15.07.1997;sasa.kozlov;sasa.kozlov@asutus.com
Mariliis;Timofejev;22.06.1993;sasa.timofejev;sasa.timofejev@asutus.com
Inna;Kool;08.08.1990;sasa.kool;sasa.kool@asutus.com
Melani;Õispuu;08.01.1992;sasa.oispuu;sasa.oispuu@asutus.com
Vanessa;Käsper;30.10.1997;sasa.kasper;sasa.kasper@asutus.com
Anders;Žuravljov;23.12.1993;sasa.zuravljov;sasa.zuravljov@asutus.com
Holger;Nõmmik;29.05.1997;sasa.nommik;sasa.nommik@asutus.com
Natali;Danilov;20.02.1999;sasa.danilov;sasa.danilov@asutus.com
Jorgen;Aus;03.07.1996;sasa.aus;sasa.aus@asutus.com
Kirill;Sulg;15.10.1992;sasa.sulg;sasa.sulg@asutus.com
Felix;Liivak;21.04.1991;sasa.liivak;sasa.liivak@asutus.com
Anett;Niit;16.11.1995;sasa.niit;sasa.niit@asutus.com
Anžela;Kruglov;11.02.1990;sasa.kruglov;sasa.kruglov@asutus.com
Ljubov;Luik;07.03.1992;sasa.luik;sasa.luik@asutus.com
Maidu;Reinsalu;01.02.1994;sasa.reinsalu;sasa.reinsalu@asutus.com
Angela;Uus;23.04.1993;sasa.uus;sasa.uus@asutus.com
Heino;Toom;21.08.1993;sasa.toom;sasa.toom@asutus.com
Aurelia;Laas;13.04.1995;sasa.laas;sasa.laas@asutus.com
Carlos;Vaht;06.04.1994;sasa.vaht;sasa.vaht@asutus.com
Karoliine;Kaasik;11.12.1991;sasa.kaasik;sasa.kaasik@asutus.com
Olivia;Kruglov;13.03.1992;sasa.kruglov;sasa.kruglov@asutus.com
Kerttu;Õunapuu;13.10.1995;sasa.ounapuu;sasa.ounapuu@asutus.com
Kaimar;Ignatjev;04.09.1998;sasa.ignatjev;sasa.ignatjev@asutus.com
Eleri;Õunapuu;25.04.1999;sasa.ounapuu;sasa.ounapuu@asutus.com
Marta;Trei;05.10.1995;sasa.trei;sasa.trei@asutus.com
Andri;Saveljev;07.01.1993;sasa.saveljev;sasa.saveljev@asutus.com
Liisa Maria;Oras;19.08.1997;sasa.oras;sasa.oras@asutus.com
Karl Oskar;Aasa;02.10.1995;sasa.aasa;sasa.aasa@asutus.com
Jevgeni;Liblik;12.11.1994;sasa.liblik;sasa.liblik@asutus.com
Marge;Oras;28.05.1992;sasa.oras;sasa.oras@asutus.com
Eliza;Sild;25.07.1993;sasa.sild;sasa.sild@asutus.com
Aet;Lunin;11.12.1992;sasa.lunin;sasa.lunin@asutus.com
Keiti;Rosenberg;19.12.1999;sasa.rosenberg;sasa.rosenberg@asutus.com
Emma;Kolk;25.08.1990;sasa.kolk;sasa.kolk@asutus.com
Martin;Järv;14.03.1993;sasa.jarv;sasa.jarv@asutus.com
Merli;Sillaste;29.02.1996;sasa.sillaste;sasa.sillaste@asutus.com
Konstantin;Raidma;31.07.1997;sasa.raidma;sasa.raidma@asutus.com
Hannes;Hanson;22.03.1997;sasa.hanson;sasa.hanson@asutus.com
Elerin;Loorits;08.02.1995;sasa.loorits;sasa.loorits@asutus.com
Felix;Kangur;18.03.1997;sasa.kangur;sasa.kangur@asutus.com
Nadežda;Abbt;21.10.1995;sasa.abbt;sasa.abbt@asutus.com
Katri;Pihlak;27.11.1993;sasa.pihlak;sasa.pihlak@asutus.com
Renno;Kroon;13.09.1992;sasa.kroon;sasa.kroon@asutus.com
Rûta;Kļaviņš;31.12.1999;sasa.klavins;sasa.klavins@asutus.com
Elîza;Kalniņš;31.12.1999;sasa.kalnins;sasa.kalnins@asutus.com
Dārta;Bērziņš;31.12.1999;sasa.berzins;sasa.berzins@asutus.com
Šaša;Želežnjov;31.12.1999;sasa.zeleznjov;sasa.zeleznjov@asutus.com
